{"train/grad_norm":8.982651901245116,"train/steps":15000,"train/episodes":321.71581769436995,"train/dataloading_s":0.09537445759866386,"_timestamp":1.7656697456135547e+09,"train/kld_loss":0.0012033209204673767,"_step":15000,"train/lr":1.0000000000000021e-05,"train/update_s":0.07326875693630427,"_wandb":{"runtime":2469},"train/samples":240000,"train/loss":0.11695892445743084,"_runtime":2469.194316543,"train/l1_loss":0.10670166462659836,"train/epochs":8.04289544235925}