{"_wandb":{"runtime":2797},"train/loss":0.11522758495062589,"train/dataloading_s":0.1054758000280708,"train/steps":15000,"train/epochs":6.018205070337772,"_step":15000,"train/grad_norm":8.646025021076202,"_runtime":2797.113262495,"train/kld_loss":0.0017520710825920105,"train/l1_loss":0.08195985108613968,"_timestamp":1.7656713003338408e+09,"train/lr":1.0000000000000021e-05,"train/episodes":361.0923042202663,"train/samples":240000,"train/update_s":0.07188189768232406}