{"train/samples":118400,"_timestamp":1.7656737336491797e+09,"train/dataloading_s":0.1030093038873747,"_wandb":{"runtime":1393},"train/epochs":11.762368368766143,"train/steps":7400,"train/update_s":0.07066157860681414,"train/lr":1.0000000000000021e-05,"_runtime":1393.630484879,"train/l1_loss":0.13681602478027344,"train/episodes":235.24736737532285,"train/loss":0.1778059583157301,"train/kld_loss":0.002840360626578331,"_step":7400,"train/grad_norm":15.5113538312912}