{"train/lr":1.0000000000000021e-05,"_step":13400,"_timestamp":1.7656731019878337e+09,"train/samples":214400,"train/episodes":426.62421649587105,"train/loss":0.12609446909278632,"train/epochs":10.665605412396776,"train/kld_loss":0.0016287676990032196,"train/l1_loss":0.09924561530351639,"_wandb":{"runtime":2364},"train/steps":13400,"train/update_s":0.07308991938596592,"train/dataloading_s":0.0948349489714019,"_runtime":2364.597505599,"train/grad_norm":8.993363649845124}