{"_runtime":2442.983798259,"_wandb":{"runtime":2442},"train/dataloading_s":0.07421277382643893,"train/samples":240000,"_step":15000,"train/update_s":0.07427162757609039,"train/grad_norm":9.086331992149352,"train/steps":15000,"train/kld_loss":0.0012649837881326675,"train/loss":0.11290642835199832,"train/epochs":7.923407065037966,"train/lr":1.0000000000000021e-05,"train/l1_loss":0.1014057919383049,"train/episodes":475.404423902278,"_timestamp":1.7656783785375926e+09}